company_cd,department_set_cd,department_cd,user_cd,department_main,delete_flag,役職コード［＊］,delete_flag
10,10,10108101,10069250,true,false,,false
10,10,10108102,10003013,true,false,10070,false
10,10,10108112,10072071,true,false,,false
10,10,10108121,10073123,true,false,,false
10,10,10108121,10073113,true,false,,false
10,10,10108131,10076009,true,false,10070,false
10,10,10108141,10074013,true,false,,false
10,10,10108141,10073114,true,false,,false
10,10,10108161,10011028,true,false,10070,false
10,10,10108161,10010010,true,false,70,false
10,10,10108161,10001010,true,false,10070,false
10,10,10108202,10073052,true,false,,false
10,10,10108202,10011001,true,false,10070,false
10,10,10108202,10009009,true,false,10070,false
10,10,10108202,10008011,true,false,10070,false
10,10,10108203,13008802,true,false,08,false
10,10,10108203,10077004,true,false,10007,false
10,10,10108203,10076042,true,false,10008,false
10,10,10108203,10076007,true,false,10008,false
10,10,10108203,10074046,true,false,10007,false
10,10,10108204,10077010,true,false,10008,false
10,10,10108204,10004004,true,false,10008,false
10,10,10108205,10074015,true,false,,false
10,10,10108302,10012002,true,false,10070,false
10,10,10108303,10081036,true,false,10070,false
10,10,10108303,10005033,true,false,10070,false
10,10,10108621,10087019,true,false,10011,false
10,10,10108621,10008007,true,false,10070,false
10,10,10108622,10076043,true,false,10070,false
10,10,10108623,10007011,true,false,10070,false
10,10,10108624,10008006,true,false,10070,false
10,10,10108625,10007002,true,false,10011,false
10,10,10108629,10087014,true,false,10041,false
10,10,10108661,10077262,true,false,10041,false
10,10,10108662,10007303,true,false,10070,false
10,10,10108824,10090020,true,false,10041,false
10,10,10108824,10089005,true,false,10070,false
10,10,10108824,10086353,true,false,10070,false
10,10,10108824,10077260,true,false,10070,false
10,10,10108824,10077251,true,false,,false
10,10,10108824,10009301,true,false,10070,false
10,10,10108828,10088255,true,false,10070,false
10,10,10108828,10082354,true,false,10010,false
10,10,10108828,10078004,true,false,10041,false
10,10,10108828,10075004,true,false,10041,false
10,10,10108829,10082257,true,false,10070,false
10,10,10108829,10009016,true,false,10070,false
10,10,10108830,10074083,true,false,10070,false
10,10,10112000,10002002,true,false,10014,false
10,10,10112100,10091013,true,false,10041,false
10,10,10112101,10085354,true,false,10070,false
10,10,10112101,10072257,true,false,10070,false
10,10,10112101,10011005,true,false,10070,false
10,10,10113100,10090009,true,false,10025,false
10,10,10113101,10091358,true,false,10042,false
10,10,10113101,10073256,true,false,10070,false
10,10,10113101,10071106,true,false,10070,false
10,10,10113101,10070130,true,false,10070,false
10,10,10113101,10068352,true,false,10070,false
10,10,10115000,10082255,true,false,10014,false
10,10,10115000,10012040,true,false,10011,false
10,10,10115100,10090007,true,false,10041,false
10,10,10115100,10083508,true,false,10041,false
10,10,10115101,10012014,true,false,10070,false
10,10,10116000,10087013,true,false,10014,false
10,10,10116100,10089011,true,false,10041,false
10,10,10116101,10007008,true,false,10070,false
10,10,10116101,10003009,true,false,10070,false
10,10,10117000,10085036,true,false,10011,false
10,10,10117000,10081013,true,false,10014,false
10,10,10117101,10081539,true,false,10070,false
10,10,10117101,10080002,true,false,10070,false
10,10,10117101,10003011,true,false,10070,false
10,10,10118000,10081045,true,false,10011,false
10,10,10118000,10078007,true,false,10010,false
10,10,10118101,10086504,true,false,10042,false
10,10,10118101,10083516,true,false,10070,false
10,10,10118101,10082503,true,false,10070,false
10,10,10118101,10071254,true,false,10070,false
10,10,10118101,10069564,true,false,10070,false
10,10,10118300,10082512,true,false,10041,false
10,10,10118301,10081513,true,false,10042,false
10,10,10118301,10077250,true,false,10070,false
10,10,10118301,10011027,true,false,10070,false
10,10,10118501,10097011,true,false,10070,false
10,10,10118501,10093701,true,false,10070,false
10,10,10118700,10083009,true,false,10041,false
10,10,10118701,10088357,true,false,10070,false
10,10,10118701,10085529,true,false,10070,false
10,10,10118701,10081382,true,false,10070,false
10,10,10118701,10079256,true,false,10070,false
10,10,10118701,10075542,true,false,10070,false
10,10,10118701,10067252,true,false,10070,false
10,10,10118701,10012037,true,false,10070,false
10,10,10118701,10012038,true,false,10070,false
10,10,10118701,10012036,true,false,10070,false
10,10,10118701,10009400,true,false,10070,false
10,10,10118900,10077022,true,false,10041,false
10,10,10118901,10097014,true,false,10070,false
10,10,10118901,10072356,true,false,10070,false
10,10,10130000,10087015,true,false,10010,false
10,10,10130000,10076018,true,false,10011,false
10,10,10130100,10087017,true,false,10041,false
10,10,10130100,10083523,true,false,10041,false
10,10,10130101,10094004,true,false,10042,false
10,10,10130101,10091728,true,false,10070,false
10,10,10130101,10089504,true,false,10070,false
10,10,10130101,10089355,true,false,10070,false
10,10,10130101,10072006,true,false,10070,false
10,10,10130101,10070392,true,false,10070,false
10,10,10130101,10008401,true,false,10070,false
10,10,10130101,10005500,true,false,10070,false
10,10,10130101,10004502,true,false,10070,false
10,10,10130101,10005003,true,false,10070,false
10,10,10130600,10003016,true,false,10041,false
10,10,10130601,10009003,true,false,10070,false
10,10,10130601,10007007,true,false,10070,false
10,10,10130700,10083256,true,false,10041,false
10,10,10130701,10098009,true,false,10025,false
10,10,10130701,10091250,true,false,10070,false
10,10,10130701,10090806,true,false,10070,false
10,10,10130701,10089260,true,false,10042,false
10,10,10130701,10068013,true,false,10070,false
10,10,10130701,10067515,true,false,10070,false
10,10,10130701,10012029,true,false,10070,false
10,10,10130701,10012015,true,false,10070,false
10,10,10130701,10012011,true,false,10070,false
10,10,10130800,10082501,true,false,10041,false
10,10,10130801,10012030,true,false,10070,false
10,10,10130801,10001006,true,false,10070,false
10,10,10140000,10082002,true,false,10011,false
10,10,10140000,10002004,true,false,10010,false
10,10,10140100,10090006,true,false,10041,false
10,10,10140100,10089002,true,false,10041,false
10,10,10140101,10012017,true,false,10070,false
10,10,10140101,10010009,true,false,10070,false
10,10,10140101,10009303,true,false,10070,false
10,10,10140101,10008402,true,false,10070,false
10,10,10140101,10006304,true,false,10070,false
10,10,10140101,10005502,true,false,10070,false
10,10,10140101,10001007,true,false,10070,false
10,10,10140200,10090008,true,false,10041,false
10,10,10140201,10090804,true,false,10070,false
10,10,10140201,10006401,true,false,10070,false
10,10,10140201,10004306,true,false,10070,false
10,10,10146000,10085028,true,false,10010,false
10,10,10146101,10091303,true,false,10042,false
10,10,10146101,10072023,true,false,10070,false
10,10,10146101,10001301,true,false,10070,false
10,10,10146200,10077020,true,false,10041,false
10,10,10146201,10094301,true,false,10042,false
10,10,10146201,10093301,true,false,10042,false
10,10,10146201,10089502,true,false,10070,false
10,10,10146201,10084003,true,false,10070,false
10,10,10146201,10069042,true,false,10070,false
10,10,10146201,10069045,true,false,10070,false
10,10,10146201,10010014,true,false,10070,false
10,10,10146201,10009500,true,false,10070,false
10,10,10146201,10009005,true,false,10070,false
10,10,10146201,10005302,true,false,10070,false
10,10,10146201,10004303,true,false,10070,false
10,10,10147000,10072070,true,false,,false
10,10,10147000,10072025,true,false,10014,false
10,10,10147101,10012004,true,false,10070,false
10,10,10147101,10001602,true,false,10070,false
10,10,10148200,10082250,true,false,10041,false
10,10,10148201,10089522,true,false,10042,false
10,10,10148201,10086015,true,false,10042,false
10,10,10148201,10071110,true,false,10070,false
10,10,10148300,10091607,true,false,10041,false
10,10,10148301,10012020,true,false,10070,false
10,10,10148301,10012016,true,false,10070,false
10,10,10148301,10012009,true,false,10070,false
10,10,10148301,10011006,true,false,10070,false
10,10,10148301,10007018,true,false,10070,false
10,10,10148301,10006004,true,false,10070,false
10,10,10148301,10005006,true,false,10070,false
10,10,10148301,10005005,true,false,10070,false
10,10,10151000,10085009,true,false,10011,false
10,10,10151000,10081015,true,false,10010,false
10,10,10151100,10083002,true,false,10041,false
10,10,10151101,10088518,true,false,10042,false
10,10,10151101,10087517,true,false,10042,false
10,10,10151101,10008002,true,false,10070,false
10,10,10151103,10096022,true,false,10070,false
10,10,10151103,10071099,true,false,10070,false
10,10,10151103,10069075,true,false,10070,false
10,10,10151105,10080253,true,false,10070,false
10,10,10151105,10076049,true,false,10070,false
10,10,10151105,10068043,true,false,10070,false
10,10,10151105,10067040,true,false,10070,false
10,10,10151700,10091951,true,false,10041,false
10,10,10151701,10084541,true,false,10070,false
10,10,10151701,10008003,true,false,10070,false
10,10,10157000,10090050,true,false,10011,false
10,10,10157000,10084011,true,false,10010,false
10,10,10157000,10079004,true,false,10011,false
10,10,10157100,10086250,true,false,10041,false
10,10,10157100,10082051,true,false,10041,false
10,10,10157101,10977030,true,false,10070,false
10,10,10157101,10734030,true,false,10070,false
10,10,10157101,10099005,true,false,10070,false
10,10,10157101,10098005,true,false,10070,false
10,10,10157101,10096020,true,false,10070,false
10,10,10157101,10095001,true,false,10070,false
10,10,10157101,10094038,true,false,10070,false
10,10,10157101,10093006,true,false,10070,false
10,10,10157101,10093251,true,false,10070,false
10,10,10157101,10088534,true,false,10070,false
10,10,10157101,10083039,true,false,10042,false
10,10,10157101,10081253,true,false,10070,false
10,10,10157101,10081252,true,false,10070,false
10,10,10157101,10080252,true,false,10070,false
10,10,10157101,10078543,true,false,10070,false
10,10,10157101,10077571,true,false,10070,false
10,10,10157101,10074059,true,false,10070,false
10,10,10157101,10071117,true,false,10070,false
10,10,10157101,10066057,true,false,10070,false
10,10,10157101,10012045,true,false,10070,false
10,10,10157101,10012033,true,false,10070,false
10,10,10157101,10012012,true,false,10070,false
10,10,10157101,10009002,true,false,10070,false
10,10,10157101,10008400,true,false,10070,false
10,10,10157101,10008300,true,false,10070,false
10,10,10157101,10005027,true,false,10070,false
10,10,10157101,10005012,true,false,10070,false
10,10,10157101,10005004,true,false,10070,false
10,10,10157101,10004020,true,false,10070,false
10,10,10157101,10004003,true,false,10070,false
10,10,10157101,10003012,true,false,10070,false
10,10,10157101,10003006,true,false,10070,false
10,10,10157101,10003004,true,false,10070,false
10,10,10157101,10002003,true,false,10070,false
10,10,10157101,10002001,true,false,10070,false
10,10,10157101,10000001,true,false,10070,false
10,10,10157117,10010013,true,false,10070,false
10,10,10157300,10073004,true,false,10041,false
10,10,10157301,10898040,true,false,10070,false
10,10,10157301,10851020,true,false,10070,false
10,10,10157301,10252060,true,false,10070,false
10,10,10157301,10224030,true,false,10070,false
10,10,10157301,10096019,true,false,10070,false
10,10,10157301,10094035,true,false,10070,false
10,10,10157301,10091121,true,false,10070,false
10,10,10157301,10089061,true,false,10070,false
10,10,10157301,10088259,true,false,10070,false
10,10,10157301,10087010,true,false,10070,false
10,10,10157301,10085253,true,false,10070,false
10,10,10157301,10085254,true,false,10070,false
10,10,10157301,10084010,true,false,10070,false
10,10,10157301,10082537,true,false,10070,false
10,10,10157301,10081255,true,false,10070,false
10,10,10157301,10081044,true,false,10070,false
10,10,10157301,10081009,true,false,10070,false
10,10,10157301,10080254,true,false,10070,false
10,10,10157301,10077258,true,false,10070,false
10,10,10157301,10075250,true,false,10070,false
10,10,10157301,10074009,true,false,10070,false
10,10,10157301,10073110,true,false,10070,false
10,10,10157301,10073016,true,false,10070,false
10,10,10157301,10073017,true,false,10070,false
10,10,10157301,10072093,true,false,10070,false
10,10,10157301,10072092,true,false,10070,false
10,10,10157301,10071098,true,false,10070,false
10,10,10157301,10071015,true,false,10070,false
10,10,10157301,10069071,true,false,10070,false
10,10,10157301,10066065,true,false,10070,false
10,10,10157301,10007016,true,false,10070,false
10,10,10157301,10004015,true,false,10070,false
10,10,10157301,10004008,true,false,10070,false
10,10,10157301,10004002,true,false,10070,false
10,10,10157301,10003014,true,false,10070,false
10,10,10157701,10370050,true,false,10070,false
10,10,10157701,10096021,true,false,11070,false
10,10,10157701,10090555,true,false,10070,false
10,10,10157701,10090042,true,false,10070,false
10,10,10157701,10090014,true,false,10070,false
10,10,10157701,10087001,true,false,10042,false
10,10,10157701,10082258,true,false,10070,false
10,10,10157701,10070150,true,false,10070,false
10,10,10162000,10088012,true,false,10011,false
10,10,10162100,10091016,true,false,10041,false
10,10,10162100,10088011,true,false,10041,false
10,10,10162101,10081541,true,false,10070,false
10,10,10162101,10012051,true,false,10070,false
10,10,10162101,10012039,true,false,10070,false
10,10,10162101,10012035,true,false,10070,false
10,10,10162101,10012013,true,false,10070,false
10,10,10162101,10011042,true,false,10070,false
10,10,10162101,10011008,true,false,10070,false
10,10,10162101,10007004,true,false,10070,false
10,10,10162101,10005013,true,false,10070,false
10,10,10162101,10005007,true,false,10070,false
10,10,10162101,10003008,true,false,10070,false
10,10,10162101,10001001,true,false,10070,false
10,10,10164100,10088035,true,false,10041,false
10,10,10164100,10087020,true,false,10041,false
10,10,10164100,10082010,true,false,10041,false
10,10,10164101,10012019,true,false,10070,false
10,10,10164101,10011041,true,false,10070,false
10,10,10164101,10007009,true,false,10070,false
10,10,10164101,10007006,true,false,10070,false
10,10,10164101,10005014,true,false,10070,false
10,10,10200101,10101804,true,false,0,false
10,10,10200101,10101805,true,false,10070,false
10,10,10200101,10101328,true,false,102299,false
10,10,10200101,10101368,true,false,102199,false
10,10,10200101,10101090,true,false,10064,false
10,10,10200101,10101240,true,false,102199,false
10,10,10200114,10501040,true,false,10060,false
10,10,10200114,10114754,true,false,102299,false
10,10,10200114,10114778,true,false,102199,false
10,10,10200114,10114197,true,false,0,false
10,10,10200114,10114749,true,false,102299,false
10,10,10200114,10114189,true,false,0,false
10,10,10200114,10114196,true,false,0,false
10,10,10200114,10114124,true,false,102199,false
10,10,10200117,10117726,true,false,102199,false
10,10,10200117,10117818,true,false,10070,false
10,10,10200117,10117721,true,false,0,false
10,10,10200117,10117725,true,false,102199,false
10,10,10200117,10117020,true,false,10064,false
10,10,10200117,10117173,true,false,102299,false
10,10,10200129,10129815,true,false,0,false
10,10,10200129,10129470,true,false,102299,false
10,10,10200129,10129421,true,false,102199,false
10,10,10200129,10129465,true,false,10070,false
10,10,10200129,10129080,true,false,10061,false
10,10,10200129,10129235,true,false,102199,false
10,10,10200132,10132668,true,false,0,false
10,10,10200132,10132816,true,false,10070,false
10,10,10200132,10132360,true,false,102299,false
10,10,10200132,10132654,true,false,102299,false
10,10,10200132,10132020,true,false,10064,false
10,10,10200149,10149817,true,false,10070,false
10,10,10200149,10149474,true,false,102299,false
10,10,10200149,10149815,true,false,0,false
10,10,10200149,10149441,true,false,102199,false
10,10,10200149,10149463,true,false,0,false
10,10,10200149,10149133,true,false,102299,false
10,10,10200149,10129730,true,false,10070,false
10,10,10200151,10221010,true,false,10064,false
10,10,10200151,10151826,true,false,10070,false
10,10,10200151,10151827,true,false,10070,false
10,10,10200151,10151245,true,false,102299,false
10,10,10200151,10151649,true,false,102199,false
10,10,10200156,10174030,true,false,10064,false
10,10,10200156,10156715,true,false,102299,false
10,10,10200156,10156176,true,false,102199,false
10,10,10200156,10156374,true,false,102299,false
10,10,10200168,10168819,true,false,10070,false
10,10,10200168,10168667,true,false,102199,false
10,10,10200168,10168739,true,false,0,false
10,10,10200168,10168550,true,false,102199,false
10,10,10200168,10168568,true,false,0,false
10,10,10200168,10168060,true,false,10064,false
10,10,10200173,10213576,true,false,102299,false
10,10,10200173,10173839,true,false,0,false
10,10,10200173,10173781,true,false,10070,false
10,10,10200173,10173786,true,false,0,false
10,10,10200173,10173610,true,false,102212,false
10,10,10200173,10173628,true,false,102251,false
10,10,10200173,10114030,true,false,10059,false
10,10,10200174,10276030,true,false,10064,false
10,10,10200174,10174514,true,false,0,false
10,10,10200174,10174831,true,false,10070,false
10,10,10200174,10174498,true,false,0,false
10,10,10200174,10174511,true,false,102299,false
10,10,10200174,10174449,true,false,0,false
10,10,10200174,10174456,true,false,102199,false
10,10,10200174,10174337,true,false,102299,false
10,10,10200174,10174433,true,false,102299,false
10,10,10200176,10176828,true,false,10070,false
10,10,10200176,10176829,true,false,10070,false
10,10,10200176,10176469,true,false,102299,false
10,10,10200176,10176470,true,false,102199,false
10,10,10200176,10176010,true,false,10064,false
10,10,10200176,10176445,true,false,102299,false
10,10,10200187,10187577,true,false,102199,false
10,10,10200187,10187811,true,false,10070,false
10,10,10200187,10187574,true,false,102299,false
10,10,10200187,10187576,true,false,10070,false
10,10,10200187,10187560,true,false,102199,false
10,10,10200187,10187573,true,false,102299,false
10,10,10200187,10187070,true,false,10064,false
10,10,10200187,10187356,true,false,102299,false
10,10,10200196,10196817,true,false,10070,false
10,10,10200196,10196550,true,false,102199,false
10,10,10200196,10196815,true,false,10070,false
10,10,10200196,10196544,true,false,102199,false
10,10,10200196,10196545,true,false,0,false
10,10,10200196,10196523,true,false,102299,false
10,10,10200196,10196541,true,false,0,false
10,10,10200196,10196518,true,false,102199,false
10,10,10200196,10196522,true,false,102299,false
10,10,10200196,10196496,true,false,102299,false
10,10,10200196,10196510,true,false,0,false
10,10,10200196,10196030,true,false,10061,false
10,10,10200196,10196354,true,false,102199,false
10,10,10200204,10207030,true,false,10064,false
10,10,10200204,10204764,true,false,0,false
10,10,10200204,10204762,true,false,102199,false
10,10,10200204,10204763,true,false,10070,false
10,10,10200204,10204757,true,false,0,false
10,10,10200204,10204761,true,false,102199,false
10,10,10200204,10204749,true,false,0,false
10,10,10200205,10205643,true,false,0,false
10,10,10200205,10205822,true,false,10070,false
10,10,10200205,10205639,true,false,0,false
10,10,10200205,10205642,true,false,102199,false
10,10,10200205,10205620,true,false,102199,false
10,10,10200205,10205632,true,false,0,false
10,10,10200205,10205020,true,false,10064,false
10,10,10200213,10213813,true,false,10070,false
10,10,10200213,10213578,true,false,0,false
10,10,10200213,10213812,true,false,0,false
10,10,10200213,10213575,true,false,102113,false
10,10,10200213,10213070,true,false,10064,false
10,10,10200221,10329020,true,false,10061,false
10,10,10200221,10221151,true,false,0,false
10,10,10200221,10221822,true,false,0,false
10,10,10200221,10221149,true,false,10070,false
10,10,10200221,10221150,true,false,0,false
10,10,10200221,10221147,true,false,102299,false
10,10,10200221,10221148,true,false,102199,false
10,10,10200221,10221143,true,false,102299,false
10,10,10200221,10221146,true,false,102299,false
10,10,10200221,10221137,true,false,102299,false
10,10,10200221,10221142,true,false,102199,false
10,10,10200225,10225831,true,false,0,false
10,10,10200225,10225829,true,false,10070,false
10,10,10200225,10225830,true,false,0,false
10,10,10200225,10225697,true,false,0,false
10,10,10200225,10225828,true,false,0,false
10,10,10200225,10225341,true,false,102199,false
10,10,10200225,10225498,true,false,102299,false
10,10,10200225,10225010,true,false,10064,false
10,10,10200227,10227845,true,false,10070,false
10,10,10200227,10227600,true,false,0,false
10,10,10200227,10227844,true,false,0,false
10,10,10200227,10227508,true,false,102299,false
10,10,10200227,10227539,true,false,102199,false
10,10,10200238,10238813,true,false,10070,false
10,10,10200238,10238682,true,false,102299,false
10,10,10200238,10238811,true,false,0,false
10,10,10200238,10238500,true,false,102299,false
10,10,10200238,10238625,true,false,102299,false
10,10,10200238,10238030,true,false,10064,false
10,10,10200243,10243816,true,false,10070,false
10,10,10200243,10243818,true,false,10070,false
10,10,10200243,10243460,true,false,102299,false
10,10,10200243,10243472,true,false,0,false
10,10,10200243,10243258,true,false,102299,false
10,10,10200249,10759030,true,false,10060,false
10,10,10200249,10249738,true,false,102299,false
10,10,10200249,10249736,true,false,102199,false
10,10,10200249,10249737,true,false,0,false
10,10,10200249,10249734,true,false,102199,false
10,10,10200249,10249735,true,false,102199,false
10,10,10200249,10249718,true,false,0,false
10,10,10200249,10249730,true,false,0,false
10,10,10200249,10249699,true,false,102199,false
10,10,10200249,10249717,true,false,102199,false
10,10,10200249,10249655,true,false,102131,false
10,10,10200265,10265818,true,false,10070,false
10,10,10200265,10265819,true,false,10070,false
10,10,10200265,10265665,true,false,102199,false
10,10,10200265,10265666,true,false,0,false
10,10,10200265,10265625,true,false,102299,false
10,10,10200265,10265663,true,false,0,false
10,10,10200265,10265624,true,false,102199,false
10,10,10200265,10249070,true,false,10064,false
10,10,10200267,10267818,true,false,0,false
10,10,10200267,10267819,true,false,10070,false
10,10,10200267,10267030,true,false,10064,false
10,10,10200267,10267575,true,false,0,false
10,10,10200276,10339020,true,false,10064,false
10,10,10200276,10276830,true,false,10070,false
10,10,10200276,10276564,true,false,102199,false
10,10,10200276,10276829,true,false,10070,false
10,10,10200276,10276534,true,false,102199,false
10,10,10200278,10278815,true,false,10070,false
10,10,10200278,10278816,true,false,10070,false
10,10,10200278,10278525,true,false,0,false
10,10,10200278,10278810,true,false,0,false
10,10,10200278,10278460,true,false,102125,false
10,10,10200278,10173080,true,false,10064,false
10,10,10200289,10289826,true,false,10070,false
10,10,10200289,10289659,true,false,102199,false
10,10,10200289,10289824,true,false,10070,false
10,10,10200289,10289648,true,false,0,false
10,10,10200289,10289656,true,false,0,false
10,10,10200289,10289040,true,false,10064,false
10,10,10200289,10289446,true,false,102299,false
10,10,10200304,10304651,true,false,102141,false
10,10,10200304,10304843,true,false,10070,false
10,10,10200304,10304643,true,false,102199,false
10,10,10200304,10265080,true,false,10064,false
10,10,10200306,10306614,true,false,10070,false
10,10,10200306,10306610,true,false,0,false
10,10,10200306,10306613,true,false,0,false
10,10,10200306,10306574,true,false,102199,false
10,10,10200306,10306587,true,false,102199,false
10,10,10200306,10306020,true,false,10064,false
10,10,10200306,10306573,true,false,102299,false
10,10,10200329,10426010,true,false,10061,false
10,10,10200329,10330558,true,false,102299,false
10,10,10200329,10329613,true,false,10070,false
10,10,10200329,10329608,true,false,102299,false
10,10,10200329,10329611,true,false,0,false
10,10,10200329,10329299,true,false,102133,false
10,10,10200329,10329319,true,false,102199,false
10,10,10200339,10339812,true,false,0,false
10,10,10200339,10339813,true,false,10070,false
10,10,10200339,10339645,true,false,0,false
10,10,10200339,10339659,true,false,0,false
10,10,10200339,10339517,true,false,102299,false
10,10,10200339,10339581,true,false,102299,false
10,10,10200339,10339231,true,false,102199,false
10,10,10200339,10330618,true,false,0,false
10,10,10200339,10330552,true,false,102299,false
10,10,10200339,10330555,true,false,102299,false
10,10,10200339,10330020,true,false,10064,false
10,10,10200343,10343812,true,false,0,false
10,10,10200343,10343814,true,false,10070,false
10,10,10200343,10343545,true,false,0,false
10,10,10200343,10343811,true,false,10070,false
10,10,10200343,10343524,true,false,102199,false
10,10,10200343,10343541,true,false,0,false
10,10,10200343,10343020,true,false,10064,false
10,10,10200343,10343520,true,false,102199,false
10,10,10200351,10351482,true,false,102199,false
10,10,10200351,10351822,true,false,10070,false
10,10,10200351,10351447,true,false,102299,false
10,10,10200351,10351480,true,false,102299,false
10,10,10200353,10353820,true,false,10070,false
10,10,10200353,10353486,true,false,0,false
10,10,10200353,10353489,true,false,0,false
10,10,10200353,10353341,true,false,102199,false
10,10,10200360,10360816,true,false,10070,false
10,10,10200360,10360727,true,false,102199,false
10,10,10200360,10360763,true,false,0,false
10,10,10200360,10360090,true,false,10064,false
10,10,10200364,10895080,true,false,10064,false
10,10,10200364,10364811,true,false,0,false
10,10,10200364,10364813,true,false,10070,false
10,10,10200364,10364485,true,false,102199,false
10,10,10200364,10364503,true,false,10070,false
10,10,10200364,10364332,true,false,102199,false
10,10,10200370,10370815,true,false,10070,false
10,10,10200370,10370816,true,false,10070,false
10,10,10200370,10370566,true,false,0,false
10,10,10200370,10370568,true,false,0,false
10,10,10200370,10370505,true,false,102199,false
10,10,10200380,10380817,true,false,0,false
10,10,10200380,10380818,true,false,10070,false
10,10,10200380,10380259,true,false,0,false
10,10,10200380,10380268,true,false,0,false
10,10,10200391,10391818,true,false,10070,false
10,10,10200391,10391816,true,false,10070,false
10,10,10200391,10391817,true,false,10070,false
10,10,10200391,10391707,true,false,0,false
10,10,10200391,10391711,true,false,0,false
10,10,10200391,10391648,true,false,102299,false
10,10,10200391,10391703,true,false,102199,false
10,10,10200391,10391624,true,false,102135,false
10,10,10200391,10391634,true,false,102299,false
10,10,10200391,10391422,true,false,102299,false
10,10,10200391,10391549,true,false,102299,false
10,10,10200391,10391070,true,false,10060,false
10,10,10200391,10391263,true,false,102299,false
10,10,10200401,10401833,true,false,10070,false
10,10,10200401,10401840,true,false,10070,false
10,10,10200401,10401272,true,false,0,false
10,10,10200401,10401378,true,false,102299,false
10,10,10200401,10401271,true,false,102199,false
10,10,10200411,10411837,true,false,0,false
10,10,10200411,10411703,true,false,0,false
10,10,10200411,10411705,true,false,0,false
10,10,10200411,10411693,true,false,102199,false
10,10,10200411,10411700,true,false,10070,false
10,10,10200411,10411673,true,false,102199,false
10,10,10200411,10411691,true,false,102134,false
10,10,10200411,10411569,true,false,102199,false
10,10,10200411,10411596,true,false,102299,false
10,10,10200411,10411280,true,false,102299,false
10,10,10200411,10151030,true,false,10060,false
10,10,10200426,10426844,true,false,10070,false
10,10,10200426,10426840,true,false,0,false
10,10,10200426,10426842,true,false,10070,false
10,10,10200426,10426838,true,false,0,false
10,10,10200426,10426839,true,false,102199,false
10,10,10200426,10426711,true,false,102199,false
10,10,10200426,10426837,true,false,10070,false
10,10,10200426,10426526,true,false,102135,false
10,10,10200426,10426616,true,false,102135,false
10,10,10200426,10149080,true,false,10064,false
10,10,10200428,10428842,true,false,0,false
10,10,10200428,10428396,true,false,102199,false
10,10,10200428,10428840,true,false,10070,false
10,10,10200428,10428030,true,false,10064,false
10,10,10200432,10432815,true,false,0,false
10,10,10200432,10432819,true,false,102199,false
10,10,10200432,10432253,true,false,102199,false
10,10,10200432,10432264,true,false,0,false
10,10,10200432,10432020,true,false,10064,false
10,10,10200434,10434815,true,false,10070,false
10,10,10200434,10434060,true,false,10064,false
10,10,10200434,10434741,true,false,0,false
10,10,10200455,10455821,true,false,0,false
10,10,10200455,10455691,true,false,102199,false
10,10,10200455,10455693,true,false,10070,false
10,10,10200455,10455687,true,false,0,false
10,10,10200455,10455688,true,false,102299,false
10,10,10200455,10455677,true,false,102132,false
10,10,10200455,10455650,true,false,102199,false
10,10,10200455,10455658,true,false,102299,false
10,10,10200455,10411070,true,false,10058,false
10,10,10200466,10466838,true,false,0,false
10,10,10200466,10466710,true,false,102199,false
10,10,10200466,10466835,true,false,10070,false
10,10,10200466,10466519,true,false,102199,false
10,10,10200466,10466586,true,false,0,false
10,10,10200466,10466060,true,false,10064,false
10,10,10200469,10577040,true,false,10064,false
10,10,10200469,10469589,true,false,0,false
10,10,10200469,10469586,true,false,0,false
10,10,10200469,10469587,true,false,0,false
10,10,10200469,10469584,true,false,0,false
10,10,10200469,10469585,true,false,102199,false
10,10,10200469,10469581,true,false,102199,false
10,10,10200469,10469583,true,false,10070,false
10,10,10200469,10469578,true,false,102199,false
10,10,10200469,10469580,true,false,0,false
10,10,10200469,10469571,true,false,102141,false
10,10,10200478,10478176,true,false,102199,false
10,10,10200478,10478830,true,false,10070,false
10,10,10200478,10478120,true,false,0,false
10,10,10200478,10478171,true,false,0,false
10,10,10200478,10478080,true,false,10064,false
10,10,10200479,10479802,true,false,0,false
10,10,10200479,10479807,true,false,10070,false
10,10,10200479,10479193,true,false,102299,false
10,10,10200479,10479316,true,false,102199,false
10,10,10200483,10483833,true,false,10070,false
10,10,10200483,10483834,true,false,0,false
10,10,10200483,10483426,true,false,102199,false
10,10,10200483,10483832,true,false,0,false
10,10,10200483,10483258,true,false,102199,false
10,10,10200483,10483373,true,false,102299,false
10,10,10200501,10501802,true,false,10070,false
10,10,10200501,10501220,true,false,0,false
10,10,10200501,10501801,true,false,0,false
10,10,10200501,10501117,true,false,102299,false
10,10,10200501,10501213,true,false,102199,false
10,10,10200501,10501109,true,false,102299,false
10,10,10200501,10455684,true,false,0,false
10,10,10200501,10455060,true,false,10061,false
10,10,10200509,10509235,true,false,102199,false
10,10,10200509,10509817,true,false,10070,false
10,10,10200509,10509030,true,false,10064,false
10,10,10200542,10542831,true,false,10070,false
10,10,10200542,10542833,true,false,10070,false
10,10,10200542,10542589,true,false,102299,false
10,10,10200542,10542590,true,false,102299,false
10,10,10200542,10542510,true,false,102299,false
10,10,10200542,10542560,true,false,102199,false
10,10,10200542,10542080,true,false,10060,false
10,10,10200542,10542387,true,false,102299,false
10,10,10200556,10556811,true,false,10070,false
10,10,10200556,10556419,true,false,102199,false
10,10,10200556,10556644,true,false,102199,false
10,10,10200562,10562806,true,false,10070,false
10,10,10200562,10562807,true,false,10070,false
10,10,10200562,10562513,true,false,102199,false
10,10,10200562,10562514,true,false,0,false
10,10,10200562,10562252,true,false,102199,false
10,10,10200571,10571831,true,false,10070,false
10,10,10200571,10571822,true,false,0,false
10,10,10200571,10571829,true,false,10070,false
10,10,10200571,10571105,true,false,102199,false
10,10,10200571,10571111,true,false,102199,false
10,10,10200571,10571104,true,false,102299,false
10,10,10200574,10574817,true,false,10070,false
10,10,10200574,10574435,true,false,102199,false
10,10,10200574,10574816,true,false,10070,false
10,10,10200574,10574414,true,false,102299,false
10,10,10200577,10577863,true,false,10070,false
10,10,10200577,10577488,true,false,0,false
10,10,10200577,10577862,true,false,10070,false
10,10,10200577,10577397,true,false,102199,false
10,10,10200577,10577470,true,false,102299,false
10,10,10200577,10353030,true,false,10064,false
10,10,10200586,10882030,true,false,10064,false
10,10,10200586,10586814,true,false,10070,false
10,10,10200586,10586815,true,false,10070,false
10,10,10200586,10586639,true,false,0,false
10,10,10200586,10586640,true,false,102199,false
10,10,10200586,10586630,true,false,0,false
10,10,10200586,10586637,true,false,0,false
10,10,10200588,10588806,true,false,10070,false
10,10,10200588,10588502,true,false,102299,false
10,10,10200588,10588504,true,false,102299,false
10,10,10200591,10591621,true,false,0,false
10,10,10200591,10591815,true,false,10070,false
10,10,10200591,10591617,true,false,102199,false
10,10,10200591,10591618,true,false,102199,false
10,10,10200591,10591606,true,false,102199,false
10,10,10200591,10591609,true,false,10070,false
10,10,10200591,10591080,true,false,10061,false
10,10,10200603,10603813,true,false,0,false
10,10,10200603,10603814,true,false,10070,false
10,10,10200603,10603477,true,false,0,false
10,10,10200603,10603478,true,false,0,false
10,10,10200603,10603468,true,false,102199,false
10,10,10200603,10603471,true,false,102199,false
10,10,10200603,10603070,true,false,10064,false
10,10,10200603,10603418,true,false,102299,false
10,10,10200627,10627819,true,false,10070,false
10,10,10200627,10627820,true,false,10070,false
10,10,10200627,10627602,true,false,102199,false
10,10,10200627,10627625,true,false,102199,false
10,10,10200627,10627060,true,false,10064,false
10,10,10200627,10627412,true,false,102299,false
10,10,10200636,10898090,true,false,10060,false
10,10,10200636,10636825,true,false,10070,false
10,10,10200636,10636830,true,false,10070,false
10,10,10200636,10636496,true,false,102199,false
10,10,10200636,10636497,true,false,102299,false
10,10,10200636,10636491,true,false,0,false
10,10,10200636,10636495,true,false,0,false
10,10,10200636,10636482,true,false,0,false
10,10,10200636,10636489,true,false,102199,false
10,10,10200636,10636420,true,false,102299,false
10,10,10200636,10636455,true,false,102299,false
10,10,10200636,10636294,true,false,102299,false
10,10,10200642,10642817,true,false,10070,false
10,10,10200642,10642784,true,false,102112,false
10,10,10200642,10642816,true,false,10070,false
10,10,10200653,10653815,true,false,10070,false
10,10,10200653,10653816,true,false,10070,false
10,10,10200653,10653754,true,false,102199,false
10,10,10200653,10653813,true,false,0,false
10,10,10200653,10653752,true,false,102199,false
10,10,10200653,10653753,true,false,102299,false
10,10,10200653,10653749,true,false,102299,false
10,10,10200653,10653750,true,false,102299,false
10,10,10200653,10653603,true,false,102299,false
10,10,10200653,10636080,true,false,10058,false
10,10,10200692,10692821,true,false,10070,false
10,10,10200692,10692691,true,false,102299,false
10,10,10200692,10692813,true,false,10070,false
10,10,10200692,10692678,true,false,102136,false
10,10,10200692,10692690,true,false,102199,false
10,10,10200692,10586090,true,false,10064,false
10,10,10200693,10712040,true,false,10064,false
10,10,10200693,10693824,true,false,10070,false
10,10,10200693,10693582,true,false,102199,false
10,10,10200693,10693821,true,false,10070,false
10,10,10200693,10693518,true,false,102299,false
10,10,10200693,10693535,true,false,102299,false
10,10,10200698,10698823,true,false,10070,false
10,10,10200698,10698756,true,false,102299,false
10,10,10200698,10698763,true,false,102299,false
10,10,10200698,10698174,true,false,0,false
10,10,10200698,10698176,true,false,0,false
10,10,10200698,10698169,true,false,0,false
10,10,10200698,10698172,true,false,10070,false
10,10,10200698,10698155,true,false,102199,false
10,10,10200698,10698162,true,false,102199,false
10,10,10200698,10698080,true,false,10064,false
10,10,10200713,10713832,true,false,10070,false
10,10,10200713,10713836,true,false,10070,false
10,10,10200713,10713566,true,false,102142,false
10,10,10200713,10713569,true,false,102199,false
10,10,10200713,10713040,true,false,10064,false
10,10,10200713,10713337,true,false,102141,false
10,10,10200722,10722824,true,false,0,false
10,10,10200722,10722826,true,false,10070,false
10,10,10200722,10722822,true,false,10070,false
10,10,10200722,10722823,true,false,10070,false
10,10,10200722,10722562,true,false,102199,false
10,10,10200722,10722565,true,false,102199,false
10,10,10200722,10722560,true,false,102199,false
10,10,10200722,10722561,true,false,102199,false
10,10,10200722,10722557,true,false,102125,false
10,10,10200722,10722559,true,false,102199,false
10,10,10200722,10722512,true,false,102299,false
10,10,10200722,10722516,true,false,102199,false
10,10,10200722,10722010,true,false,10061,false
10,10,10200722,10722110,true,false,102299,false
10,10,10200734,10827080,true,false,10064,false
10,10,10200734,10734819,true,false,0,false
10,10,10200734,10734510,true,false,102199,false
10,10,10200734,10734817,true,false,10070,false
10,10,10200734,10734492,true,false,102299,false
10,10,10200738,10738402,true,false,102299,false
10,10,10200738,10738403,true,false,102299,false
10,10,10200738,10738392,true,false,102199,false
10,10,10200751,10751821,true,false,10070,false
10,10,10200751,10751822,true,false,0,false
10,10,10200751,10751444,true,false,102199,false
10,10,10200751,10751819,true,false,10070,false
10,10,10200751,10751436,true,false,102199,false
10,10,10200751,10751437,true,false,0,false
10,10,10200751,10751050,true,false,10064,false
10,10,10200751,10751423,true,false,102299,false
10,10,10200755,10755762,true,false,0,false
10,10,10200755,10755825,true,false,10070,false
10,10,10200755,10755754,true,false,0,false
10,10,10200755,10755759,true,false,10070,false
10,10,10200755,10755752,true,false,102299,false
10,10,10200755,10755753,true,false,102299,false
10,10,10200755,10755671,true,false,102299,false
10,10,10200755,10755751,true,false,102299,false
10,10,10200755,10755060,true,false,10064,false
10,10,10200755,10755669,true,false,102299,false
10,10,10200758,10758763,true,false,0,false
10,10,10200758,10758822,true,false,10070,false
10,10,10200758,10758378,true,false,102299,false
10,10,10200758,10758729,true,false,0,false
10,10,10200758,10693070,true,false,10064,false
10,10,10200759,10759822,true,false,10070,false
10,10,10200759,10759795,true,false,102199,false
10,10,10200759,10759796,true,false,102199,false
10,10,10200759,10759407,true,false,102199,false
10,10,10200759,10759584,true,false,102299,false
10,10,10200759,10759275,true,false,102299,false
10,10,10200759,10227040,true,false,10061,false
10,10,10200771,10771832,true,false,10070,false
10,10,10200771,10771796,true,false,102232,false
10,10,10200771,10771831,true,false,10070,false
10,10,10200771,10771355,true,false,102199,false
10,10,10200771,10771787,true,false,102299,false
10,10,10200771,10771176,true,false,102299,false
10,10,10200771,10771348,true,false,0,false
10,10,10200771,10771060,true,false,10064,false
10,10,10200781,10866030,true,false,10064,false
10,10,10200781,10781825,true,false,0,false
10,10,10200781,10781829,true,false,10070,false
10,10,10200781,10781711,true,false,0,false
10,10,10200781,10781720,true,false,10070,false
10,10,10200781,10781707,true,false,102199,false
10,10,10200781,10781710,true,false,102199,false
10,10,10200781,10781677,true,false,102131,false
10,10,10200781,10781702,true,false,102199,false
10,10,10200806,10806832,true,false,10070,false
10,10,10200806,10806838,true,false,10070,false
10,10,10200806,10806219,true,false,102199,false
10,10,10200806,10806745,true,false,102299,false
10,10,10200806,10806213,true,false,102199,false
10,10,10200806,10806218,true,false,0,false
10,10,10200806,10806030,true,false,10060,false
10,10,10200806,10806121,true,false,102299,false
10,10,10200810,10810819,true,false,10070,false
10,10,10200810,10810381,true,false,102199,false
10,10,10200810,10810813,true,false,10070,false
10,10,10200812,10812818,true,false,10070,false
10,10,10200812,10812554,true,false,102199,false
10,10,10200812,10812816,true,false,10070,false
10,10,10200812,10812105,true,false,102299,false
10,10,10200827,10938070,true,false,10064,false
10,10,10200827,10827822,true,false,0,false
10,10,10200827,10827827,true,false,10070,false
10,10,10200827,10827146,true,false,0,false
10,10,10200827,10827356,true,false,102299,false
10,10,10200834,10834834,true,false,0,false
10,10,10200834,10834825,true,false,10070,false
10,10,10200834,10834833,true,false,0,false
10,10,10200834,10834635,true,false,102299,false
10,10,10200834,10834687,true,false,102199,false
10,10,10200853,10853436,true,false,0,false
10,10,10200853,10853808,true,false,10070,false
10,10,10200853,10853434,true,false,102221,false
10,10,10200853,10853435,true,false,0,false
10,10,10200866,10866819,true,false,10070,false
10,10,10200866,10866481,true,false,102134,false
10,10,10200866,10866565,true,false,102199,false
10,10,10200866,10866322,true,false,102199,false
10,10,10200866,10571070,true,false,10064,false
10,10,10200873,10940090,true,false,10064,false
10,10,10200873,10873827,true,false,10070,false
10,10,10200873,10873829,true,false,10070,false
10,10,10200873,10873753,true,false,102199,false
10,10,10200873,10873787,true,false,102199,false
10,10,10200873,10873718,true,false,102299,false
10,10,10200873,10873741,true,false,102199,false
10,10,10200882,10882361,true,false,0,false
10,10,10200882,10882817,true,false,0,false
10,10,10200882,10882286,true,false,10070,false
10,10,10200882,10882303,true,false,102199,false
10,10,10200882,10882251,true,false,102199,false
10,10,10200882,10873010,true,false,10064,false
10,10,10200898,10898825,true,false,10070,false
10,10,10200898,10898826,true,false,10070,false
10,10,10200898,10898745,true,false,102299,false
10,10,10200898,10898824,true,false,10070,false
10,10,10200898,10898233,true,false,0,false
10,10,10200898,10898237,true,false,102199,false
10,10,10200898,10898216,true,false,0,false
10,10,10200898,10898230,true,false,102199,false
10,10,10200898,10898111,true,false,102199,false
10,10,10200898,10895744,true,false,0,false
10,10,10200898,10895730,true,false,0,false
10,10,10200898,10781040,true,false,10060,false
10,10,10200909,10964070,true,false,10064,false
10,10,10200909,10909813,true,false,0,false
10,10,10200909,10909811,true,false,10070,false
10,10,10200909,10909812,true,false,10070,false
10,10,10200909,10909487,true,false,102199,false
10,10,10200909,10909496,true,false,0,false
10,10,10200909,10909392,true,false,102299,false
10,10,10200909,10909424,true,false,102299,false
10,10,10200909,10909350,true,false,102199,false
10,10,10200938,10938814,true,false,10070,false
10,10,10200938,10938810,true,false,0,false
10,10,10200938,10938811,true,false,10070,false
10,10,10200938,10938766,true,false,102199,false
10,10,10200938,10938794,true,false,102199,false
10,10,10200938,10938217,true,false,0,false
10,10,10200938,10938235,true,false,102199,false
10,10,10200938,10938189,true,false,102199,false
10,10,10200938,10938214,true,false,102199,false
10,10,10200938,10938117,true,false,102199,false
10,10,10200938,10938183,true,false,0,false
10,10,10200951,10951821,true,false,10070,false
10,10,10200951,10951822,true,false,10070,false
10,10,10200951,10951710,true,false,0,false
10,10,10200951,10951820,true,false,10070,false
10,10,10200951,10951278,true,false,102299,false
10,10,10200951,10951279,true,false,102199,false
10,10,10200951,10951090,true,false,10064,false
10,10,10200951,10951222,true,false,0,false
10,10,10200960,10960829,true,false,0,false
10,10,10200960,10960833,true,false,10070,false
10,10,10200960,10960164,true,false,102199,false
10,10,10200960,10960172,true,false,102199,false
10,10,10200961,10961838,true,false,10070,false
10,10,10200961,10961700,true,false,102199,false
10,10,10200961,10961836,true,false,0,false
10,10,10200961,10961600,true,false,102199,false
10,10,10200961,10961678,true,false,0,false
10,10,10200964,10964819,true,false,0,false
10,10,10200964,10964814,true,false,10070,false
10,10,10200964,10964815,true,false,10070,false
10,10,10200964,10964792,true,false,0,false
10,10,10200964,10964793,true,false,102199,false
10,10,10200964,10964790,true,false,102199,false
10,10,10200964,10964791,true,false,102199,false
10,10,10200964,10964782,true,false,102199,false
10,10,10200964,10964785,true,false,102199,false
10,10,10200964,10964774,true,false,102199,false
10,10,10200964,10964781,true,false,102199,false
10,10,10200964,10964703,true,false,102299,false
10,10,10200964,10964728,true,false,102299,false
10,10,10200964,10909080,true,false,10064,false
10,10,10200988,10988279,true,false,102299,false
10,10,10200988,10988815,true,false,10070,false
10,10,10200988,10988263,true,false,102199,false
10,10,10200988,10988268,true,false,0,false
10,10,10200988,10988173,true,false,102199,false
10,10,10200988,10988257,true,false,102199,false
10,10,10366000,10085033,true,false,10011,false
10,10,10366100,10082050,true,false,10041,false
10,10,10366101,10091726,true,false,10070,false
10,10,10366101,10081507,true,false,10042,false
10,10,10366101,10070258,true,false,10070,false
10,10,10366101,10005017,true,false,10070,false
10,10,10366201,10089364,true,false,10070,false
10,10,10366201,10088355,true,false,10070,false
10,10,10366300,10003300,true,false,10070,false
10,10,10366301,10072383,true,false,10070,false
10,10,10366301,10009300,true,false,10070,false
10,10,10366401,10073014,true,false,10070,false
10,10,10367000,10088010,true,false,10011,false
10,10,10367100,10077029,true,false,10041,false
10,10,10367101,10090278,true,false,10070,false
10,10,10367101,10090056,true,false,10042,false
10,10,10367101,10070380,true,false,10070,false
10,10,10367101,10012044,true,false,10070,false
10,10,10367101,10012018,true,false,10070,false
10,10,10367101,10012008,true,false,10070,false
10,10,10367101,10012006,true,false,10070,false
10,10,10367101,10008500,true,false,10070,false
10,10,10367101,10008306,true,false,10070,false
10,10,10367101,10006400,true,false,10070,false
10,10,10367101,10005011,true,false,10070,false
10,10,10367102,10011045,true,false,10070,false
10,10,10367200,10090276,true,false,10041,false
10,10,10367201,10090024,true,false,10042,false
10,10,10367201,10089519,true,false,10070,false
10,10,10367201,10077053,true,false,10070,false
10,10,10367201,10012034,true,false,10070,false
10,10,10367201,10011029,true,false,10070,false
10,10,10367201,10011004,true,false,10070,false
10,10,10367201,10005808,true,false,10070,false
10,10,10367201,10005300,true,false,10042,false
10,10,10367201,10001502,true,false,10070,false
10,10,10367300,10086252,true,false,10041,false
10,10,10367301,10013001,true,false,10070,false
10,10,10367306,10010007,true,false,10070,false
10,10,10367306,10010008,true,false,10070,false
10,10,10367306,10009011,true,false,10070,false
10,10,10367306,10009015,true,false,10070,false
10,10,10370000,10081063,true,false,10010,false
10,10,10370000,10068016,true,false,10070,false
10,10,10370100,10090019,true,false,10041,false
10,10,10370101,10098601,true,false,10070,false
10,10,10370101,10082020,true,false,10070,false
10,10,10370101,10074004,true,false,10070,false
10,10,10370101,10072119,true,false,10070,false
10,10,10370101,10070361,true,false,10070,false
10,10,10370600,10090353,true,false,10041,false
10,10,10370601,10093705,true,false,10070,false
10,10,10370601,10090513,true,false,10070,false
10,10,10370601,10090351,true,false,10042,false
10,10,10370601,10074044,true,false,10070,false
10,10,10370601,10011013,true,false,10070,false
10,10,10370601,10008307,true,false,10070,false
10,10,10370601,10005401,true,false,10070,false
10,10,10370601,10004301,true,false,10070,false
10,10,10380000,10085038,true,false,10009,false
10,10,10380100,10088257,true,false,10041,false
10,10,10380101,10091411,true,false,10070,false
10,10,10380101,10089351,true,false,10042,false
10,10,10380101,10071384,true,false,10070,false
10,10,10380101,10012028,true,false,10070,false
10,10,10380101,10009007,true,false,10070,false
10,10,10380101,10008301,true,false,10070,false
10,10,10380101,10007401,true,false,10070,false
10,10,10380101,10006300,true,false,10070,false
10,10,10380102,10012025,true,false,10070,false
10,10,10380102,10012003,true,false,10070,false
10,10,10380102,10009006,true,false,10070,false
10,10,10380102,10008404,true,false,10070,false
10,10,10380102,10007300,true,false,10070,false
10,10,10380102,10006302,true,false,10070,false
10,10,10380103,10093305,true,false,10043,false
10,10,10380103,10078014,true,false,10070,false
10,10,10380103,10071353,true,false,10070,false
10,10,10380103,10004304,true,false,10070,false
10,10,10380104,10086380,true,false,10070,false
10,10,10380104,10086355,true,false,10070,false
10,10,10380104,10085006,true,false,10042,false
10,10,10380104,10073019,true,false,10070,false
10,10,10380104,10011014,true,false,10070,false
10,10,10380300,10083353,true,false,10041,false
10,10,10380301,10091122,true,false,10070,false
10,10,10380301,10090355,true,false,10070,false
10,10,10380301,10088361,true,false,10070,false
10,10,10380301,10083014,true,false,10043,false
10,10,10380301,10082035,true,false,10070,false
10,10,10380301,10082045,true,false,10043,false
10,10,10380301,10078017,true,false,10070,false
10,10,10380301,10075009,true,false,10070,false
10,10,10380301,10071354,true,false,10070,false
10,10,10380301,10068019,true,false,10070,false
10,10,10380302,10065093,true,false,10070,false
10,10,10380302,10011038,true,false,10070,false
10,10,10380302,10011031,true,false,10070,false
10,10,10380302,10011032,true,false,10070,false
10,10,10380302,10011030,true,false,10070,false
10,10,10380302,10008403,true,false,10070,false
10,10,10380500,10080361,true,false,10041,false
10,10,10380501,10090022,true,false,10070,false
10,10,10380501,10071387,true,false,10070,false
10,10,10380501,10071131,true,false,10070,false
10,10,10380501,10071048,true,false,10070,false
10,10,10380501,10070352,true,false,10070,false
10,10,10380501,10068358,true,false,10070,false
10,10,10380501,10067256,true,false,10070,false
10,10,10380501,10067019,true,false,10070,false
10,10,10380501,10066059,true,false,10070,false
10,10,10380501,10012026,true,false,10070,false
10,10,10380501,10011019,true,false,10070,false
10,10,10380501,10011009,true,false,10070,false
10,10,10380501,10010006,true,false,10070,false
10,10,10380501,10009305,true,false,10070,false
10,10,10380501,10008303,true,false,10070,false
10,10,10380503,10074357,true,false,10070,false
10,10,10380503,10074010,true,false,10070,false
10,10,10380503,10073304,true,false,10070,false
10,10,10380503,10072382,true,false,10070,false
10,10,10380800,10088009,true,false,10041,false
10,10,10380801,10093300,true,false,10070,false
10,10,10380801,10084506,true,false,10070,false
10,10,10380801,10081019,true,false,10070,false
10,10,10380801,10077380,true,false,10070,false
10,10,10380801,10077030,true,false,10070,false
10,10,10380801,10071514,true,false,10070,false
10,10,10380801,10070356,true,false,10070,false
10,10,10380801,10004500,true,false,10070,false
10,10,10380801,10003500,true,false,10070,false
10,10,10380802,10082005,true,false,10070,false
10,10,10380802,10012032,true,false,10070,false
10,10,10380802,10012027,true,false,10070,false
10,10,10380802,10009401,true,false,10070,false
10,10,10380802,10009306,true,false,10070,false
10,10,10380802,10009304,true,false,10070,false
10,10,10380802,10009302,true,false,10070,false
10,10,10380802,10004305,true,false,10070,false
10,10,10380802,10001307,true,false,10043,false
10,10,10380803,10088005,true,false,10070,false
10,10,10380803,10078351,true,false,10070,false
10,10,10380803,10075005,true,false,10070,false
10,10,10380803,10072041,true,false,10070,false
10,10,10380803,10070386,true,false,10070,false
10,10,10380803,10069355,true,false,10070,false
10,10,10380803,10066384,true,false,10070,false
10,10,10380900,10078019,true,false,10041,false
10,10,10380901,10094300,true,false,10043,false
10,10,10380901,10089004,true,false,10043,false
10,10,10380901,10077045,true,false,10042,false
10,10,10380901,10071362,true,false,10070,false
10,10,10380901,10012031,true,false,10070,false
10,10,10380901,10011033,true,false,10070,false
10,10,10380901,10011020,true,false,10070,false
10,10,10380901,10011016,true,false,10070,false
10,10,10380901,10008304,true,false,10070,false
10,10,10380901,10007400,true,false,10070,false
10,10,10380901,10007301,true,false,10070,false
10,10,10380901,10007302,true,false,10070,false
10,10,10380901,10006303,true,false,10070,false
10,10,10380901,10005303,true,false,10070,false
10,10,10380901,10004309,true,false,10070,false
10,10,10380901,10001304,true,false,10070,false
10,10,10489990,10078008,true,false,10007,false
10,10,10493000,10085030,true,false,10010,false
10,10,10493000,10084018,true,false,10011,false
10,10,10493000,10082004,true,false,10011,false
10,10,10493000,10073053,true,false,10070,false
10,10,10493100,10089013,true,false,10027,false
10,10,10493100,10089015,true,false,10027,false
10,10,10493100,10077263,true,false,10027,false
10,10,10493101,10091734,true,false,10070,false
10,10,10493101,10091614,true,false,10070,false
10,10,10493101,10077052,true,false,10070,false
10,10,10493101,10073018,true,false,10070,false
10,10,10493101,10072255,true,false,10070,false
10,10,10493101,10071086,true,false,10070,false
10,10,10493101,10012050,true,false,10070,false
10,10,10493101,10012047,true,false,10070,false
10,10,10493101,10012048,true,false,10070,false
10,10,10493101,10012043,true,false,10070,false
10,10,10493101,10012041,true,false,10070,false
10,10,10493101,10012042,true,false,10070,false
10,10,10493101,10012023,true,false,10070,false
10,10,10493101,10012024,true,false,10070,false
10,10,10493101,10012022,true,false,10070,false
10,10,10493101,10012007,true,false,10070,false
10,10,10493101,10012005,true,false,10070,false
10,10,10493101,10011044,true,false,10070,false
10,10,10493101,10011039,true,false,10070,false
10,10,10493101,10011025,true,false,10070,false
10,10,10493101,10011022,true,false,10070,false
10,10,10493101,10011017,true,false,10070,false
10,10,10493101,10011015,true,false,10070,false
10,10,10493101,10011012,true,false,10070,false
10,10,10493101,10011011,true,false,10070,false
10,10,10493101,10010016,true,false,10070,false
10,10,10493101,10005019,true,false,10070,false
10,10,10493101,10005016,true,false,10070,false
10,10,10493101,10004300,true,false,10070,false
10,10,10493101,10003010,true,false,10070,false
10,10,10493101,10001603,true,false,10070,false
10,10,10493101,10001300,true,false,10070,false
10,10,10493101,10000603,true,false,10044,false
10,10,10493200,10073006,true,false,10041,false
10,10,10493201,10088504,true,false,10070,false
10,10,10493201,10073060,true,false,10070,false
10,10,10493201,10071079,true,false,10070,false
10,10,10493201,10011018,true,false,10070,false
10,10,10493201,10008008,true,false,10070,false
10,10,10493201,10004007,true,false,10042,false
10,10,10495000,10085039,true,false,10011,false
10,10,10495000,10083007,true,false,10010,false
10,10,10495000,10082053,true,false,10011,false
10,10,10495101,10098602,true,false,10070,false
10,10,10495101,10091601,true,false,10044,false
10,10,10495101,10090004,true,false,10044,false
10,10,10495101,10087503,true,false,10044,false
10,10,10495101,10083260,true,false,10070,false
10,10,10495101,10073055,true,false,10070,false
10,10,10495101,10012049,true,false,10070,false
10,10,10495101,10012046,true,false,10070,false
10,10,10495101,10011040,true,false,10070,false
10,10,10495101,10011026,true,false,10070,false
10,10,10495101,10011023,true,false,10070,false
10,10,10495101,10011024,true,false,10070,false
10,10,10495101,10011010,true,false,10070,false
10,10,10495101,10010011,true,false,10070,false
10,10,10495101,10008405,true,false,10070,false
10,10,10495101,10008009,true,false,10070,false
10,10,10495101,10007014,true,false,10070,false
10,10,10495101,10007012,true,false,10070,false
10,10,10495101,10005301,true,false,10070,false
10,10,10495101,10005020,true,false,10070,false
10,10,10495101,10005018,true,false,10070,false
10,10,10495101,10003002,true,false,10070,false
10,10,10495101,10002601,true,false,10070,false
10,10,10495101,10002602,true,false,10070,false
10,10,10496000,10084040,true,false,10010,false
10,10,10496100,10086020,true,false,10027,false
10,10,10496101,10074302,true,false,10070,false
10,10,10496101,10072077,true,false,10070,false
10,10,10496101,10005021,true,false,10070,false
10,10,10496101,10005015,true,false,10070,false
10,10,10496200,10087502,true,false,10041,false
10,10,10496201,10074043,true,false,10070,false
10,10,10496201,10012021,true,false,10070,false
10,10,10496201,10007402,true,false,10070,false
10,10,10496201,10005023,true,false,10070,false
10,10,10496201,10005022,true,false,10070,false
10,10,10496201,10000601,true,false,10042,false
12,12,12102000,12040802,true,false,81,false
12,12,12105012,12094030,true,false,10070,false
12,12,12105012,12089055,true,false,10070,false
12,12,12105012,12071104,true,false,10070,false
12,12,12105012,12069256,true,false,10070,false
12,12,12105012,12040904,true,false,10070,false
12,12,12105012,12040035,true,false,10070,false
12,12,12105014,12084036,true,false,10070,false
12,12,12105014,12082001,true,false,10070,false
12,12,12105014,12040056,true,false,10070,false
12,12,12105014,12040038,true,false,10070,false
12,12,12105014,12040030,true,false,10070,false
12,12,12105015,12096017,true,false,10070,false
12,12,12105015,12088258,true,false,10070,false
12,12,12105015,12077257,true,false,10070,false
12,12,12105015,12040010,true,false,10070,false
12,12,12105016,12085022,true,false,10042,false
12,12,12105016,12073011,true,false,10070,false
12,12,12105016,12041205,true,false,10070,false
12,12,12105016,12041204,true,false,10070,false
12,12,12105016,12040806,true,false,10070,false
12,12,12105017,12096018,true,false,10070,false
12,12,12105018,12071356,true,false,10070,false
12,12,12105018,12069062,true,false,10070,false
12,12,12105018,12041201,true,false,10070,false
12,12,12105018,12040011,true,false,10070,false
12,12,12105019,12080011,true,false,10070,false
12,12,12105019,12073118,true,false,10070,false
12,12,12105022,12091116,true,false,10070,false
12,12,12105022,12088253,true,false,12070,false
12,12,12105022,12088001,true,false,10070,false
12,12,12105024,12090035,true,false,10070,false
12,12,12105024,12081022,true,false,12070,false
12,12,12105024,12040042,true,false,10070,false
12,12,12105027,12040905,true,false,10070,false
12,12,12105027,12040902,true,false,10070,false
12,12,12105027,12040020,true,false,10070,false
12,12,12105028,12084017,true,false,10070,false
12,12,12105028,12079252,true,false,10070,false
12,12,12105028,12040803,true,false,10070,false
12,12,12105029,12041001,true,false,10070,false
12,12,12105031,12079003,true,false,10070,false
12,12,12105031,12071126,true,false,10070,false
12,12,12105032,12073106,true,false,10070,false
12,12,12105032,12040808,true,false,10070,false
12,12,12105034,12088250,true,false,10070,false
12,12,12105034,12082252,true,false,10070,false
12,12,12105034,12040807,true,false,10070,false
12,12,12105035,12068035,true,false,10070,false
12,12,12105036,12068034,true,false,10070,false
12,12,12105036,12040021,true,false,10070,false
12,12,12105037,12090038,true,false,10070,false
12,12,12105037,12040805,true,false,10070,false
12,12,12105038,12083258,true,false,10070,false
12,12,12105039,12083259,true,false,10070,false
12,12,12105039,12040906,true,false,10070,false
12,12,12105041,12040043,true,false,10070,false
12,12,12105043,12091011,true,false,10070,false
12,12,12105046,12080025,true,false,10070,false
12,12,12105065,12090383,true,false,10042,false
12,12,12105065,12085004,true,false,10070,false
12,12,12105065,12071028,true,false,10026,false
12,12,12105065,12041101,true,false,10070,false
12,12,12105065,12040023,true,false,10070,false
12,12,12105084,12082052,true,false,10070,false
12,12,12105101,12072385,true,false,10070,false
12,12,12105101,12040702,true,false,10070,false
12,12,12105101,12040062,true,false,10070,false
12,12,12105101,12040701,true,false,10070,false
12,12,12105101,12040034,true,false,10070,false
12,12,12105101,12040026,true,false,10070,false
12,12,12105101,12040015,true,false,10070,false
12,12,12105102,12091310,true,false,10070,false
12,12,12105102,12089256,true,false,10042,false
12,12,12105102,12077057,true,false,10070,false
12,12,12105102,12074001,true,false,10070,false
12,12,12105102,12070381,true,false,10070,false
12,12,12105102,12065256,true,false,10070,false
12,12,12105102,12041203,true,false,10070,false
12,12,12105102,12041202,true,false,10070,false
12,12,12105102,12040704,true,false,10070,false
12,12,12105102,12040059,true,false,10070,false
12,12,12105102,12040050,true,false,10070,false
12,12,12105102,12040053,true,false,10070,false
12,12,12105102,12040046,true,false,10070,false
12,12,12105102,12040041,true,false,10070,false
12,12,12105102,12040037,true,false,10070,false
12,12,12105102,12040024,true,false,10070,false
12,12,12105102,12040013,true,false,10070,false
12,12,12105102,12040012,true,false,10070,false
12,12,12105102,12040002,true,false,10070,false
12,12,12105103,12087380,true,false,10070,false
12,12,12105103,12074380,true,false,10041,false
12,12,12105103,12072103,true,false,10070,false
12,12,12105103,12040008,true,false,10070,false
12,12,12105103,12040004,true,false,10070,false
13,13,13181000,13072455,true,false,10070,false
13,13,13184120,13090452,true,false,10070,false
13,13,13184120,13010807,true,false,10070,false
13,13,13184120,13010805,true,false,10041,false
13,13,13184120,13006804,true,false,10042,false
13,13,13184200,13082355,true,false,10042,false
13,13,13184200,13079451,true,false,10011,false
13,13,13184200,13012808,true,false,10070,false
13,13,13184200,13012806,true,false,10070,false
13,13,13184300,13084452,true,false,10041,false
13,13,13184300,13082450,true,false,10011,false
13,13,13184300,13072456,true,false,10041,false
13,13,13184310,13075450,true,false,10042,false
13,13,13184310,13071355,true,false,10070,false
13,13,13184310,13012810,true,false,10070,false
13,13,13184310,13012805,true,false,10070,false
13,13,13184310,13012802,true,false,10070,false
13,13,13184310,13011810,true,false,10070,false
13,13,13184310,13007801,true,false,10070,false
13,13,13184310,13005812,true,false,10070,false
13,13,13184310,13004804,true,false,10070,false
13,13,13184310,13001802,true,false,10070,false
13,13,13184311,13080382,true,false,10070,false
13,13,13184311,13071454,true,false,10070,false
13,13,13184311,13010802,true,false,10070,false
13,13,13184311,13009802,true,false,10070,false
13,13,13184311,13006805,true,false,10070,false
13,13,13184312,13091801,true,false,10042,false
13,13,13184312,13072453,true,false,10070,false
13,13,13184312,13012812,true,false,10070,false
13,13,13184312,13011811,true,false,10070,false
13,13,13184312,13010809,true,false,10070,false
13,13,13184312,13010808,true,false,10070,false
13,13,13184312,13010801,true,false,10070,false
13,13,13184312,13006808,true,false,10070,false
13,13,13184312,13005810,true,false,10070,false
13,13,13184312,10008803,true,false,10070,false
13,13,13184313,13012809,true,false,10070,false
13,13,13184313,13012803,true,false,10070,false
13,13,13184313,13004805,true,false,10070,false
13,13,13184410,13008805,true,false,10070,false
13,13,13184410,13005803,true,false,10041,false
13,13,13184510,13099802,true,false,10042,false
13,13,13184510,13091803,true,false,10070,false
13,13,13184510,13078452,true,false,10070,false
13,13,13184510,13076454,true,false,10070,false
13,13,13184510,13078021,true,false,10070,false
13,13,13184510,13073453,true,false,10042,false
13,13,13184510,13012814,true,false,10070,false
13,13,13184510,13066056,true,false,10070,false
13,13,13184510,13012813,true,false,10070,false
13,13,13184510,13012807,true,false,10070,false
13,13,13184510,13012801,true,false,11070,false
13,13,13184510,13011805,true,false,10070,false
13,13,13184510,13011809,true,false,10070,false
13,13,13184510,13008801,true,false,10070,false
13,13,13184510,13003801,true,false,10070,false
13,13,13184710,13091804,true,false,10070,false
13,13,13184710,13080454,true,false,10070,false
13,13,13184710,13073452,true,false,10042,false
13,13,13184710,13071391,true,false,10070,false
13,13,13184710,13012804,true,false,10070,false
13,13,13184710,13011802,true,false,10070,false
13,13,13184710,13007804,true,false,10070,false
13,13,13185000,13075452,true,false,70,false
13,13,13185100,13012811,true,false,10070,false
13,13,13185100,10079454,true,false,10010,false
13,13,13185110,13011812,true,false,10070,false
13,13,13185110,13007806,true,false,10070,false
13,13,13185110,10076452,true,false,10070,false
13,13,13185110,10069450,true,false,10070,false
13,13,13185110,10007803,true,false,10042,false
